文章編號,文章名稱,總關鍵字數,銀行,信貸,證券,支付,金融商品,保險
1174,article_342_content.txt,13,8,0,1,0,4,0
403,article_58_tables.txt,12,8,0,0,3,1,0
528,article_349_tables.txt,12,4,0,5,0,3,0
584,article_42_content.txt,12,8,0,0,3,1,0
910,article_33_content.txt,12,8,0,0,3,1,0
235,article_79_tables.txt,11,6,0,0,4,1,0
474,article_79_content.txt,11,7,0,0,3,1,0
570,article_32_content.txt,11,7,0,0,3,1,0
601,article_29_content.txt,11,7,0,0,3,1,0
686,article_334_tables.txt,11,5,0,2,0,4,0
720,article_328_tables.txt,11,5,0,2,0,4,0
747,article_119_tables.txt,11,4,1,4,0,2,0
8,article_31_content.txt,10,5,0,0,4,1,0
22,article_41_content.txt,10,5,0,0,4,1,0
49,article_104_tables.txt,10,8,1,0,0,1,0
52,article_472_content.txt,10,3,0,1,0,5,1
252,article_302_tables.txt,10,0,0,7,0,3,0
298,article_62_tables.txt,10,6,0,0,3,1,0
317,article_343_content.txt,10,0,0,5,0,5,0
534,article_70_content.txt,10,8,0,0,1,1,0
144,article_374_tables.txt,9,1,0,4,0,4,0
151,article_338_tables.txt,9,3,0,2,0,4,0
330,article_350_tables.txt,9,0,0,6,0,3,0
371,article_389_tables.txt,9,1,0,5,0,3,0
506,article_390_tables.txt,9,1,0,5,0,3,0
642,article_325_tables.txt,9,3,0,2,0,4,0
781,article_387_tables.txt,9,1,0,5,0,3,0
1130,article_388_tables.txt,9,1,0,5,0,3,0
4,article_365_tables.txt,8,1,0,4,0,3,0
50,article_379_tables.txt,8,1,0,4,0,3,0
100,article_368_tables.txt,8,1,0,4,0,3,0
194,article_371_tables.txt,8,1,0,4,0,3,0
269,article_383_tables.txt,8,1,0,4,0,3,0
323,article_384_tables.txt,8,1,0,4,0,3,0
331,article_367_tables.txt,8,1,0,4,0,3,0
395,article_22_content.txt,8,7,0,0,0,1,0
401,article_376_tables.txt,8,1,0,4,0,3,0
456,article_373_tables.txt,8,1,0,4,0,3,0
650,article_370_tables.txt,8,1,0,4,0,3,0
651,article_45_content.txt,8,3,0,0,4,1,0
670,article_348_content.txt,8,1,0,2,0,5,0
796,article_378_tables.txt,8,1,0,4,0,3,0
822,article_369_tables.txt,8,1,0,4,0,3,0
834,article_344_content.txt,8,0,0,4,0,4,0
857,article_317_tables.txt,8,0,0,6,0,2,0
868,article_375_tables.txt,8,1,0,4,0,3,0
912,article_372_tables.txt,8,1,0,4,0,3,0
948,article_40_tables.txt,8,3,0,0,4,1,0
954,article_348_tables.txt,8,1,0,3,0,4,0
986,article_380_tables.txt,8,1,0,4,0,3,0
1036,article_385_tables.txt,8,1,0,4,0,3,0
1072,article_351_tables.txt,8,3,0,2,0,3,0
1120,article_377_tables.txt,8,1,0,4,0,3,0
1134,article_68_content.txt,8,3,0,0,4,1,0
1152,article_74_content.txt,8,3,0,0,4,1,0
1161,article_391_content.txt,8,1,0,1,1,5,0
46,article_60_tables.txt,7,2,0,0,4,1,0
86,article_291_content.txt,7,1,0,1,0,5,0
171,article_286_tables.txt,7,1,0,0,4,1,1
207,article_317_content.txt,7,0,0,3,0,4,0
376,article_489_tables.txt,7,0,0,2,0,5,0
437,article_308_content.txt,7,0,0,2,0,5,0
450,article_106_content.txt,7,2,4,0,0,1,0
512,article_490_tables.txt,7,0,0,2,0,5,0
523,article_381_tables.txt,7,1,0,3,0,3,0
620,article_75_tables.txt,7,2,0,0,4,1,0
628,article_96_tables.txt,7,2,0,0,4,1,0
773,article_351_content.txt,7,1,0,1,0,5,0
838,article_334_content.txt,7,2,0,1,0,4,0
856,article_328_content.txt,7,2,0,1,0,4,0
924,article_347_content.txt,7,0,0,2,0,5,0
934,article_6_content.txt,7,3,0,0,3,1,0
947,article_400_content.txt,7,3,0,0,3,1,0
1022,article_310_content.txt,7,0,0,2,0,5,0
1071,article_80_tables.txt,7,5,0,0,1,1,0
1090,article_259_content.txt,7,2,0,0,1,1,3
1119,article_59_tables.txt,7,2,0,0,3,1,1
1140,article_488_tables.txt,7,0,0,2,0,5,0
23,article_330_tables.txt,6,0,0,2,0,4,0
37,article_307_content.txt,6,0,0,1,0,5,0
38,article_298_content.txt,6,0,0,1,0,5,0
113,article_362_content.txt,6,0,0,1,0,5,0
117,article_87_content.txt,6,1,0,0,4,1,0
118,article_312_content.txt,6,0,0,2,0,4,0
174,article_325_content.txt,6,1,0,1,0,4,0
176,article_247_content.txt,6,1,0,0,4,1,0
196,article_68_tables.txt,6,5,0,0,0,1,0
200,article_349_content.txt,6,0,0,1,0,5,0
219,article_302_content.txt,6,0,0,1,0,5,0
232,article_274_tables.txt,6,4,0,0,1,1,0
249,article_335_tables.txt,6,0,0,2,0,4,0
265,article_330_content.txt,6,1,0,1,0,4,0
276,article_393_content.txt,6,0,0,1,0,5,0
285,article_329_tables.txt,6,0,0,2,0,4,0
301,article_489_content.txt,6,0,0,1,0,5,0
302,article_2_content.txt,6,2,0,0,3,1,0
305,article_75_content.txt,6,1,0,0,4,1,0
341,article_332_tables.txt,6,0,0,2,0,4,0
370,article_81_content.txt,6,1,0,0,4,1,0
381,article_52_content.txt,6,2,0,0,3,1,0
391,article_323_tables.txt,6,0,0,2,0,4,0
411,article_356_content.txt,6,0,0,1,0,5,0
416,article_326_content.txt,6,0,0,1,0,5,0
429,article_60_content.txt,6,1,0,0,4,1,0
441,article_326_tables.txt,6,0,0,2,0,4,0
473,article_311_content.txt,6,0,0,1,0,5,0
488,article_292_content.txt,6,0,0,1,0,5,0
490,article_14_tables.txt,6,2,0,0,3,1,0
500,article_41_tables.txt,6,1,0,0,4,1,0
505,article_323_content.txt,6,1,0,1,0,4,0
511,article_353_content.txt,6,0,0,1,0,5,0
521,article_346_content.txt,6,0,0,1,0,5,0
549,article_374_content.txt,6,0,0,1,1,4,0
551,article_490_content.txt,6,0,0,1,0,5,0
556,article_304_content.txt,6,0,0,1,0,5,0
586,article_337_tables.txt,6,0,0,2,0,4,0
609,article_339_tables.txt,6,0,0,2,0,4,0
613,article_173_tables.txt,6,5,1,0,0,0,0
619,article_392_content.txt,6,0,0,1,0,5,0
634,article_303_content.txt,6,0,0,1,0,5,0
639,article_312_tables.txt,6,0,0,2,0,4,0
667,article_20_content.txt,6,1,0,0,4,1,0
681,article_50_content.txt,6,3,0,0,2,1,0
700,article_316_content.txt,6,0,0,1,0,5,0
729,article_324_content.txt,6,0,0,1,0,5,0
735,article_313_content.txt,6,0,0,1,0,5,0
762,article_331_tables.txt,6,0,0,2,0,4,0
775,article_118_content.txt,6,2,3,0,0,1,0
827,article_70_tables.txt,6,5,0,0,0,1,0
871,article_358_content.txt,6,0,0,1,0,5,0
872,article_299_content.txt,6,0,0,1,0,5,0
873,article_306_content.txt,6,0,0,1,0,5,0
879,article_376_content.txt,6,1,0,1,0,4,0
887,article_305_content.txt,6,0,0,1,0,5,0
888,article_388_content.txt,6,0,0,1,1,4,0
894,article_327_tables.txt,6,0,0,2,0,4,0
898,article_432_content.txt,6,0,0,1,0,5,0
899,article_162_content.txt,6,3,1,0,0,2,0
943,article_319_content.txt,6,0,0,1,0,5,0
987,article_322_content.txt,6,0,0,1,0,5,0
1007,article_26_content.txt,6,5,0,0,0,1,0
1014,article_336_tables.txt,6,0,0,2,0,4,0
1018,article_409_content.txt,6,0,0,1,0,5,0
1035,article_357_content.txt,6,0,0,1,0,5,0
1038,article_291_tables.txt,6,0,0,2,0,4,0
1043,article_309_content.txt,6,0,0,1,0,5,0
1045,article_296_content.txt,6,0,0,1,0,5,0
1088,article_333_tables.txt,6,0,0,2,0,4,0
1089,article_304_tables.txt,6,0,0,2,0,4,0
1121,article_340_tables.txt,6,0,0,2,0,4,0
1138,article_300_content.txt,6,0,0,1,0,5,0
1156,article_488_content.txt,6,0,0,1,0,5,0
1168,article_332_content.txt,6,0,0,1,0,5,0
3,article_359_content.txt,5,0,0,1,0,4,0
15,article_329_content.txt,5,0,0,1,0,4,0
31,article_377_content.txt,5,0,0,1,0,4,0
47,article_57_tables.txt,5,1,0,0,3,1,0
60,article_396_content.txt,5,3,0,0,1,1,0
66,article_335_content.txt,5,0,0,1,0,4,0
76,article_320_content.txt,5,0,0,1,0,4,0
77,article_397_tables.txt,5,1,0,0,3,1,0
82,article_119_content.txt,5,1,1,1,0,2,0
84,article_350_content.txt,5,0,0,1,0,4,0
108,article_383_content.txt,5,0,0,1,0,4,0
123,article_455_content.txt,5,0,0,0,0,1,4
156,article_21_tables.txt,5,1,0,0,3,1,0
162,article_74_tables.txt,5,1,0,0,3,1,0
164,article_43_tables.txt,5,2,0,0,2,1,0
170,article_355_content.txt,5,0,0,1,0,4,0
183,article_324_tables.txt,5,0,0,2,0,3,0
185,article_339_content.txt,5,0,0,1,0,4,0
195,article_346_tables.txt,5,0,0,2,0,3,0
210,article_82_content.txt,5,0,0,0,4,1,0
212,article_367_content.txt,5,0,0,1,0,4,0
223,article_372_content.txt,5,0,0,1,0,4,0
238,article_402_tables.txt,5,1,0,0,3,1,0
258,article_340_content.txt,5,0,0,1,0,4,0
290,article_76_content.txt,5,1,0,0,3,1,0
296,article_390_content.txt,5,0,0,1,0,4,0
309,article_164_tables.txt,5,4,1,0,0,0,0
324,article_333_content.txt,5,0,0,1,0,4,0
339,article_116_content.txt,5,1,3,0,0,1,0
354,article_301_content.txt,5,0,0,1,0,4,0
364,article_371_content.txt,5,0,0,1,0,4,0
367,article_81_tables.txt,5,1,0,0,3,1,0
368,article_19_content.txt,5,4,0,0,0,1,0
373,article_314_content.txt,5,0,0,1,0,4,0
379,article_364_content.txt,5,0,0,1,0,4,0
387,article_476_tables.txt,5,1,0,0,3,1,0
424,article_378_content.txt,5,0,0,1,0,4,0
425,article_308_tables.txt,5,0,0,2,0,3,0
427,article_385_content.txt,5,0,0,1,0,4,0
431,article_73_tables.txt,5,1,0,0,3,1,0
434,article_297_content.txt,5,0,0,1,0,4,0
466,article_361_content.txt,5,0,0,1,0,4,0
469,article_478_content.txt,5,0,0,0,1,4,0
471,article_95_tables.txt,5,1,0,0,3,1,0
492,article_380_content.txt,5,0,0,1,0,4,0
503,article_358_tables.txt,5,0,0,2,0,3,0
516,article_336_content.txt,5,0,0,1,0,4,0
548,article_368_content.txt,5,0,0,1,0,4,0
553,article_389_content.txt,5,0,0,1,0,4,0
581,article_163_content.txt,5,2,2,0,0,1,0
588,article_455_tables.txt,5,0,0,0,0,2,3
592,article_331_content.txt,5,0,0,1,0,4,0
595,article_428_content.txt,5,0,0,1,0,4,0
600,article_341_content.txt,5,0,0,1,0,4,0
603,article_108_content.txt,5,2,3,0,0,0,0
629,article_373_content.txt,5,0,0,1,0,4,0
657,article_347_tables.txt,5,0,0,3,0,2,0
676,article_361_tables.txt,5,0,0,3,0,2,0
678,article_171_content.txt,5,4,1,0,0,0,0
683,article_338_content.txt,5,0,0,1,0,4,0
685,article_575_tables.txt,5,2,0,0,2,1,0
691,article_303_tables.txt,5,0,0,2,0,3,0
692,article_181_tables.txt,5,4,1,0,0,0,0
696,article_366_content.txt,5,0,0,1,0,4,0
698,article_87_tables.txt,5,1,0,0,3,1,0
699,article_274_content.txt,5,4,0,0,0,1,0
711,article_295_content.txt,5,0,0,1,0,4,0
718,article_31_tables.txt,5,0,0,0,3,2,0
723,article_387_content.txt,5,0,0,1,0,4,0
732,article_296_tables.txt,5,0,0,2,0,3,0
733,article_354_content.txt,5,0,0,1,0,4,0
734,article_382_tables.txt,5,0,0,3,0,2,0
740,article_363_content.txt,5,0,0,1,0,4,0
745,article_364_tables.txt,5,0,0,3,0,2,0
751,article_353_tables.txt,5,0,0,2,0,3,0
780,article_321_content.txt,5,0,0,1,0,4,0
789,article_382_content.txt,5,0,0,1,0,4,0
792,article_466_content.txt,5,3,0,0,1,1,0
836,article_396_tables.txt,5,1,0,0,3,1,0
852,article_431_content.txt,5,3,0,0,1,1,0
870,article_417_tables.txt,5,1,0,0,3,1,0
892,article_375_content.txt,5,0,0,1,0,4,0
923,article_285_tables.txt,5,1,0,0,3,1,0
929,article_337_content.txt,5,0,0,1,0,4,0
931,article_369_content.txt,5,0,0,1,0,4,0
935,article_171_tables.txt,5,4,1,0,0,0,0
937,article_22_tables.txt,5,1,0,0,3,1,0
945,article_71_content.txt,5,1,0,0,3,1,0
953,article_77_tables.txt,5,1,0,0,3,1,0
964,article_381_content.txt,5,0,0,1,0,4,0
968,article_293_content.txt,5,0,0,1,0,4,0
980,article_480_tables.txt,5,1,0,0,3,1,0
981,article_352_content.txt,5,0,0,1,0,4,0
998,article_363_tables.txt,5,0,0,3,0,2,0
1010,article_301_tables.txt,5,0,0,3,0,2,0
1030,article_327_content.txt,5,0,0,1,0,4,0
1053,article_384_content.txt,5,0,0,1,0,4,0
1054,article_379_content.txt,5,0,0,1,0,4,0
1059,article_130_content.txt,5,2,3,0,0,0,0
1061,article_365_content.txt,5,0,0,1,0,4,0
1074,article_433_tables.txt,5,1,1,0,0,1,2
1084,article_23_content.txt,5,3,0,0,1,1,0
1131,article_370_content.txt,5,0,0,1,0,4,0
1144,article_10_tables.txt,5,3,0,0,0,2,0
1,article_118_tables.txt,4,2,2,0,0,0,0
2,article_407_tables.txt,4,0,0,0,3,1,0
6,article_352_tables.txt,4,0,0,2,0,2,0
9,article_430_tables.txt,4,0,0,0,3,1,0
10,article_271_tables.txt,4,0,0,0,0,1,3
16,article_307_tables.txt,4,0,0,2,0,2,0
18,article_465_tables.txt,4,0,0,0,3,1,0
21,article_452_tables.txt,4,0,0,0,3,1,0
34,article_92_content.txt,4,1,0,0,2,1,0
61,article_479_tables.txt,4,0,0,0,3,1,0
65,article_181_content.txt,4,3,0,0,0,1,0
68,article_386_tables.txt,4,0,0,0,2,2,0
69,article_292_tables.txt,4,0,0,2,0,2,0
88,article_468_tables.txt,4,0,0,0,3,1,0
101,article_16_content.txt,4,2,0,0,1,1,0
125,article_443_tables.txt,4,0,0,0,3,1,0
126,article_321_tables.txt,4,0,0,2,0,2,0
128,article_316_tables.txt,4,0,0,2,0,2,0
129,article_38_tables.txt,4,0,0,0,3,1,0
139,article_343_tables.txt,4,0,0,2,0,2,0
141,article_421_tables.txt,4,0,0,0,3,1,0
142,article_416_tables.txt,4,0,0,0,3,1,0
146,article_386_content.txt,4,1,0,0,0,3,0
163,article_438_tables.txt,4,0,0,0,3,1,0
169,article_392_tables.txt,4,0,0,2,0,2,0
178,article_313_tables.txt,4,0,0,2,0,2,0
179,article_471_tables.txt,4,0,0,0,3,1,0
182,article_446_tables.txt,4,0,0,0,3,1,0
188,article_51_content.txt,4,1,0,0,2,1,0
192,article_413_tables.txt,4,0,0,0,3,1,0
197,article_424_tables.txt,4,0,0,0,3,1,0
236,article_435_tables.txt,4,0,0,0,3,1,0
247,article_457_tables.txt,4,0,0,0,3,1,0
253,article_34_content.txt,4,0,0,0,3,1,0
261,article_483_tables.txt,4,0,0,0,3,1,0
266,article_297_tables.txt,4,0,0,2,0,2,0
271,article_52_tables.txt,4,1,0,0,2,1,0
275,article_429_tables.txt,4,0,0,0,3,1,0
289,article_157_content.txt,4,2,1,0,0,1,0
297,article_419_tables.txt,4,0,0,0,3,1,0
304,article_154_content.txt,4,1,3,0,0,0,0
308,article_37_tables.txt,4,2,0,0,1,1,0
310,article_319_tables.txt,4,0,0,2,0,2,0
315,article_484_tables.txt,4,0,0,0,3,1,0
327,article_432_tables.txt,4,0,0,2,0,2,0
332,article_49_tables.txt,4,0,0,0,3,1,0
333,article_405_tables.txt,4,0,0,0,3,1,0
343,article_450_tables.txt,4,0,0,0,3,1,0
345,article_467_tables.txt,4,0,0,0,3,1,0
346,article_305_tables.txt,4,0,0,2,0,2,0
384,article_173_content.txt,4,3,1,0,0,0,0
389,article_314_tables.txt,4,0,0,2,0,2,0
404,article_414_tables.txt,4,0,0,0,3,1,0
405,article_423_tables.txt,4,0,0,0,3,1,0
406,article_341_tables.txt,4,0,0,2,0,2,0
410,article_395_tables.txt,4,0,0,0,3,1,0
417,article_10_content.txt,4,3,0,0,0,1,0
436,article_408_tables.txt,4,0,0,0,3,1,0
442,article_444_tables.txt,4,0,0,0,3,1,0
445,article_311_tables.txt,4,0,0,2,0,2,0
454,article_426_tables.txt,4,0,0,0,3,1,0
455,article_344_tables.txt,4,0,0,2,0,2,0
457,article_411_tables.txt,4,0,0,0,3,1,0
467,article_298_tables.txt,4,0,0,2,0,2,0
468,article_128_content.txt,4,1,3,0,0,0,0
475,article_158_content.txt,4,1,1,0,0,2,0
491,article_458_tables.txt,4,0,0,0,3,1,0
518,article_481_tables.txt,4,0,0,0,3,1,0
522,article_295_tables.txt,4,0,0,1,0,3,0
525,article_98_tables.txt,4,2,0,0,1,1,0
542,article_32_tables.txt,4,0,0,0,3,1,0
568,article_362_tables.txt,4,0,0,2,0,2,0
571,article_400_tables.txt,4,0,0,0,3,1,0
572,article_437_tables.txt,4,0,0,0,3,1,0
574,article_355_tables.txt,4,0,0,2,0,2,0
583,article_462_tables.txt,4,0,0,0,3,1,0
585,article_300_tables.txt,4,0,0,2,0,2,0
590,article_393_tables.txt,4,0,0,2,0,2,0
594,article_59_content.txt,4,2,0,0,1,1,0
624,article_42_tables.txt,4,0,0,0,3,1,0
637,article_470_tables.txt,4,0,0,0,3,1,0
641,article_114_content.txt,4,2,2,0,0,0,0
643,article_447_tables.txt,4,0,0,0,3,1,0
653,article_412_tables.txt,4,0,0,0,3,1,0
672,article_434_tables.txt,4,0,0,0,3,1,0
674,article_356_tables.txt,4,0,0,2,0,2,0
677,article_403_tables.txt,4,0,0,0,3,1,0
688,article_456_tables.txt,4,0,0,0,3,1,0
709,article_428_tables.txt,4,0,0,2,0,2,0
715,article_162_tables.txt,4,1,1,0,0,2,0
717,article_133_content.txt,4,1,1,0,0,2,0
730,article_482_tables.txt,4,0,0,0,3,1,0
738,article_184_tables.txt,4,3,1,0,0,0,0
739,article_271_content.txt,4,0,0,0,0,1,3
746,article_406_tables.txt,4,0,0,0,3,1,0
749,article_431_tables.txt,4,0,0,0,3,1,0
755,article_55_content.txt,4,0,0,0,3,1,0
761,article_306_tables.txt,4,0,0,2,0,2,0
764,article_453_tables.txt,4,0,0,0,3,1,0
777,article_39_content.txt,4,2,0,0,1,1,0
782,article_168_content.txt,4,1,1,0,0,2,0
785,article_293_tables.txt,4,0,0,2,0,2,0
806,article_478_tables.txt,4,0,0,0,3,1,0
811,article_397_content.txt,4,0,0,0,3,1,0
812,article_469_tables.txt,4,0,0,0,3,1,0
819,article_123_content.txt,4,1,1,0,0,2,0
849,article_320_tables.txt,4,0,0,2,0,2,0
851,article_442_tables.txt,4,0,0,0,3,1,0
854,article_475_tables.txt,4,0,0,0,3,1,0
863,article_420_tables.txt,4,0,0,0,3,1,0
866,article_342_tables.txt,4,0,0,2,0,2,0
882,article_299_tables.txt,4,0,0,2,0,2,0
893,article_445_tables.txt,4,0,0,0,3,1,0
895,article_310_tables.txt,4,0,0,2,0,2,0
897,article_472_tables.txt,4,0,0,2,0,2,0
907,article_427_tables.txt,4,0,0,0,3,1,0
909,article_410_tables.txt,4,0,0,0,3,1,0
922,article_391_tables.txt,4,0,0,2,0,2,0
938,article_459_tables.txt,4,0,0,0,3,1,0
951,article_359_tables.txt,4,0,0,2,0,2,0
956,article_135_tables.txt,4,3,1,0,0,0,0
966,article_157_tables.txt,4,2,1,0,0,1,0
967,article_448_tables.txt,4,0,0,0,3,1,0
971,article_33_tables.txt,4,0,0,0,3,1,0
974,article_99_content.txt,4,2,0,0,1,1,0
978,article_6_tables.txt,4,3,0,0,0,1,0
996,article_401_tables.txt,4,0,0,0,3,1,0
999,article_354_tables.txt,4,0,0,2,0,2,0
1001,article_436_tables.txt,4,0,0,0,3,1,0
1005,article_457_content.txt,4,0,0,0,1,3,0
1012,article_454_tables.txt,4,0,0,0,3,1,0
1019,article_159_content.txt,4,2,1,0,0,1,0
1040,article_259_tables.txt,4,0,0,0,0,1,3
1041,article_418_tables.txt,4,0,0,0,3,1,0
1048,article_130_tables.txt,4,2,1,0,0,1,0
1067,article_315_content.txt,4,0,0,1,0,3,0
1069,article_399_tables.txt,4,0,0,0,3,1,0
1076,article_404_tables.txt,4,0,0,0,3,1,0
1078,article_366_tables.txt,4,0,0,2,0,2,0
1087,article_451_tables.txt,4,0,0,0,3,1,0
1091,article_466_tables.txt,4,0,0,0,3,1,0
1095,article_172_content.txt,4,2,1,0,0,1,0
1107,article_477_tables.txt,4,0,0,0,3,1,0
1110,article_322_tables.txt,4,0,0,2,0,2,0
1118,article_415_tables.txt,4,0,0,0,3,1,0
1122,article_46_content.txt,4,0,0,0,3,1,0
1124,article_422_tables.txt,4,0,0,0,3,1,0
1125,article_167_content.txt,4,1,1,0,0,2,0
1147,article_309_tables.txt,4,0,0,2,0,2,0
1158,article_72_tables.txt,4,0,0,0,3,1,0
1162,article_409_tables.txt,4,0,0,2,0,2,0
5,article_110_content.txt,3,1,2,0,0,0,0
19,article_160_content.txt,3,1,1,0,0,1,0
32,article_185_tables.txt,3,1,1,0,0,1,0
41,article_402_content.txt,3,1,0,0,1,1,0
70,article_345_content.txt,3,0,0,0,0,3,0
75,article_169_content.txt,3,1,1,0,0,1,0
90,article_66_content.txt,3,0,0,0,2,1,0
94,article_147_content.txt,3,1,1,0,0,1,0
95,article_417_content.txt,3,1,0,0,1,1,0
105,article_467_content.txt,3,0,0,0,1,2,0
112,article_92_tables.txt,3,0,0,0,2,1,0
121,article_24_content.txt,3,1,0,0,1,1,0
134,article_54_content.txt,3,1,0,0,1,1,0
149,article_16_tables.txt,3,0,0,0,2,1,0
153,article_132_content.txt,3,1,1,0,0,1,0
154,article_462_content.txt,3,0,0,0,1,2,0
166,article_110_tables.txt,3,2,1,0,0,0,0
191,article_170_content.txt,3,1,1,0,0,1,0
209,article_97_tables.txt,3,2,0,0,0,1,0
214,article_8_content.txt,3,2,0,0,0,1,0
221,article_97_content.txt,3,2,0,0,0,1,0
234,article_357_tables.txt,3,0,0,1,0,2,0
237,article_165_content.txt,3,1,1,0,0,1,0
239,article_435_content.txt,3,1,0,0,1,1,0
250,article_115_content.txt,3,1,1,0,0,1,0
251,article_445_content.txt,3,0,0,0,1,2,0
255,article_109_content.txt,3,1,1,0,0,1,0
259,article_5_tables.txt,3,2,0,0,0,1,0
263,article_429_content.txt,3,1,0,0,1,1,0
270,article_101_tables.txt,3,2,1,0,0,0,0
280,article_127_content.txt,3,1,1,0,0,1,0
283,article_163_tables.txt,3,2,1,0,0,0,0
292,article_124_content.txt,3,1,1,0,0,1,0
294,article_106_tables.txt,3,2,1,0,0,0,0
300,article_131_tables.txt,3,2,1,0,0,0,0
313,article_153_tables.txt,3,2,1,0,0,0,0
314,article_538_content.txt,3,1,0,0,1,1,0
321,article_187_content.txt,3,1,1,0,0,1,0
326,article_166_content.txt,3,1,1,0,0,1,0
328,article_436_content.txt,3,1,0,0,1,1,0
342,article_37_content.txt,3,1,0,0,1,1,0
374,article_480_content.txt,3,1,0,0,1,1,0
388,article_169_tables.txt,3,1,1,0,0,1,0
407,article_531_content.txt,3,1,0,0,1,1,0
423,article_26_tables.txt,3,0,0,0,2,1,0
444,article_534_content.txt,3,1,0,0,1,1,0
447,article_27_content.txt,3,1,0,0,1,1,0
482,article_98_content.txt,3,0,0,0,2,1,0
496,article_15_content.txt,3,2,0,0,0,1,0
497,article_134_content.txt,3,1,1,0,0,1,0
514,article_231_content.txt,3,1,0,0,1,1,0
531,article_103_tables.txt,3,1,1,0,0,1,0
541,article_161_tables.txt,3,2,1,0,0,0,0
546,article_121_content.txt,3,1,1,0,0,1,0
573,article_128_tables.txt,3,1,2,0,0,0,0
589,article_185_content.txt,3,1,1,0,0,1,0
605,article_156_content.txt,3,1,1,0,0,1,0
615,article_126_content.txt,3,1,1,0,0,1,0
616,article_476_content.txt,3,1,0,0,1,1,0
622,article_111_tables.txt,3,2,1,0,0,0,0
654,article_164_content.txt,3,2,1,0,0,0,0
664,article_101_content.txt,3,1,1,0,0,1,0
707,article_62_content.txt,3,0,0,0,2,1,0
728,article_4_tables.txt,3,2,0,0,0,1,0
760,article_28_tables.txt,3,0,0,0,2,1,0
768,article_25_content.txt,3,1,0,0,0,2,0
794,article_136_content.txt,3,2,1,0,0,0,0
795,article_17_content.txt,3,2,0,0,0,1,0
815,article_5_content.txt,3,2,0,0,0,1,0
817,article_12_tables.txt,3,1,0,0,1,1,0
832,article_285_content.txt,3,2,0,0,0,1,0
850,article_40_content.txt,3,1,0,0,1,1,0
867,article_111_content.txt,3,2,1,0,0,0,0
869,article_108_tables.txt,3,2,1,0,0,0,0
913,article_112_content.txt,3,1,1,0,0,1,0
926,article_183_content.txt,3,2,1,0,0,0,0
952,article_124_tables.txt,3,1,1,0,0,1,0
972,article_160_tables.txt,3,2,1,0,0,0,0
979,article_529_content.txt,3,1,0,0,1,1,0
984,article_559_content.txt,3,1,0,0,1,1,0
1026,article_479_content.txt,3,0,0,0,1,2,0
1028,article_360_content.txt,3,0,0,1,0,2,0
1033,article_3_tables.txt,3,0,0,0,1,2,0
1046,article_410_content.txt,3,0,0,0,1,2,0
1073,article_530_content.txt,3,1,0,0,1,1,0
1112,article_117_content.txt,3,1,1,0,0,1,0
1146,article_89_content.txt,3,1,0,0,1,1,0
1148,article_27_tables.txt,3,2,0,0,0,1,0
1153,article_155_content.txt,3,1,1,0,0,1,0
1154,article_405_content.txt,3,0,0,0,1,2,0
1165,article_125_content.txt,3,1,1,0,0,1,0
17,article_29_tables.txt,2,1,0,0,0,1,0
20,article_430_content.txt,2,0,0,0,1,1,0
35,article_83_tables.txt,2,0,0,0,1,1,0
39,article_538_tables.txt,2,1,0,0,0,1,0
42,article_152_content.txt,2,1,1,0,0,0,0
43,article_73_content.txt,2,1,0,0,0,1,0
45,article_133_tables.txt,2,1,1,0,0,0,0
53,article_122_content.txt,2,1,1,0,0,0,0
56,article_4_content.txt,2,0,0,0,1,1,0
58,article_166_tables.txt,2,1,1,0,0,0,0
63,article_199_tables.txt,2,1,1,0,0,0,0
73,article_48_content.txt,2,0,0,0,1,1,0
79,article_583_tables.txt,2,1,0,0,0,1,0
80,article_38_content.txt,2,0,0,0,1,1,0
87,article_24_tables.txt,2,0,0,0,1,1,0
93,article_13_tables.txt,2,1,0,0,0,1,0
98,article_115_tables.txt,2,1,1,0,0,0,0
102,article_71_tables.txt,2,1,0,0,0,1,0
104,article_122_tables.txt,2,1,1,0,0,0,0
107,article_529_tables.txt,2,1,0,0,0,1,0
120,article_560_tables.txt,2,1,0,0,0,1,0
124,article_105_content.txt,2,1,1,0,0,0,0
135,article_425_content.txt,2,0,0,0,0,2,0
143,article_109_tables.txt,2,1,1,0,0,0,0
147,article_579_tables.txt,2,1,0,0,0,1,0
152,article_13_content.txt,2,0,0,0,1,1,0
155,article_172_tables.txt,2,1,1,0,0,0,0
160,article_294_content.txt,2,0,0,0,0,2,0
161,article_127_tables.txt,2,1,1,0,0,0,0
168,article_412_content.txt,2,0,0,0,1,1,0
181,article_159_tables.txt,2,1,1,0,0,0,0
184,article_565_tables.txt,2,1,0,0,0,1,0
190,article_420_content.txt,2,0,0,0,1,1,0
193,article_532_content.txt,2,0,0,0,1,1,0
199,article_507_tables.txt,2,1,0,0,0,1,0
201,article_530_tables.txt,2,1,0,0,0,1,0
203,article_450_content.txt,2,0,0,0,1,1,0
215,article_483_content.txt,2,0,0,0,1,1,0
222,article_579_content.txt,2,0,0,0,1,1,0
240,article_44_content.txt,2,0,0,0,1,1,0
256,article_459_content.txt,2,0,0,0,1,1,0
264,article_58_content.txt,2,1,0,0,0,1,0
268,article_184_content.txt,2,1,1,0,0,0,0
277,article_136_tables.txt,2,1,1,0,0,0,0
279,article_477_content.txt,2,0,0,0,1,1,0
281,article_565_content.txt,2,0,0,0,1,1,0
282,article_30_tables.txt,2,1,0,0,0,1,0
284,article_154_tables.txt,2,2,0,0,0,0,0
288,article_407_content.txt,2,0,0,0,1,1,0
295,article_55_tables.txt,2,1,0,0,0,1,0
303,article_404_content.txt,2,0,0,0,1,1,0
306,article_558_tables.txt,2,1,0,0,0,1,0
311,article_88_content.txt,2,1,0,0,0,1,0
318,article_2_tables.txt,2,1,0,0,0,1,0
337,article_511_tables.txt,2,1,0,0,0,1,0
340,article_446_content.txt,2,0,0,0,1,1,0
355,article_187_tables.txt,2,1,1,0,0,0,0
357,article_418_content.txt,2,0,0,0,1,1,0
360,article_69_content.txt,2,1,0,0,0,1,0
363,article_398_tables.txt,2,1,1,0,0,0,0
365,article_468_content.txt,2,0,0,0,1,1,0
369,article_90_tables.txt,2,1,0,0,0,1,0
375,article_399_content.txt,2,0,0,0,1,1,0
378,article_206_content.txt,2,0,0,0,0,1,1
382,article_562_tables.txt,2,1,0,0,0,1,0
383,article_423_content.txt,2,0,0,0,1,1,0
396,article_453_content.txt,2,0,0,0,1,1,0
398,article_103_content.txt,2,1,1,0,0,0,0
402,article_228_content.txt,2,1,0,0,0,1,0
413,article_581_tables.txt,2,1,0,0,0,1,0
418,article_11_tables.txt,2,1,0,0,0,1,0
419,article_131_content.txt,2,1,1,0,0,0,0
420,article_461_content.txt,2,0,0,0,0,1,1
430,article_120_tables.txt,2,1,1,0,0,0,0
433,article_411_content.txt,2,0,0,0,1,1,0
435,article_44_tables.txt,2,1,0,0,0,1,0
438,article_117_tables.txt,2,1,1,0,0,0,0
439,article_249_tables.txt,2,1,0,0,0,1,0
449,article_456_content.txt,2,0,0,0,1,1,0
460,article_57_content.txt,2,1,0,0,0,1,0
461,article_426_content.txt,2,0,0,0,1,1,0
462,article_532_tables.txt,2,1,0,0,0,1,0
476,article_408_content.txt,2,0,0,0,1,1,0
485,article_170_tables.txt,2,1,1,0,0,0,0
487,article_414_content.txt,2,0,0,0,1,1,0
489,article_147_tables.txt,2,1,1,0,0,0,0
498,article_112_tables.txt,2,1,1,0,0,0,0
502,article_125_tables.txt,2,1,1,0,0,0,0
508,article_558_content.txt,2,1,0,0,0,1,0
510,article_241_content.txt,2,0,0,0,1,1,0
526,article_134_tables.txt,2,1,1,0,0,0,0
527,article_67_tables.txt,2,1,0,0,0,1,0
530,article_50_tables.txt,2,1,0,0,0,1,0
532,article_401_content.txt,2,0,0,0,1,1,0
536,article_508_tables.txt,2,1,0,0,0,1,0
539,article_395_content.txt,2,0,0,0,1,1,0
540,article_156_tables.txt,2,1,1,0,0,0,0
544,article_7_content.txt,2,1,0,0,0,1,0
545,article_471_content.txt,2,0,0,0,1,1,0
547,article_208_tables.txt,2,1,0,0,0,1,0
550,article_182_tables.txt,2,1,1,0,0,0,0
557,article_582_content.txt,2,1,0,0,0,1,0
569,article_443_content.txt,2,0,0,0,1,1,0
582,article_433_content.txt,2,0,0,0,0,1,1
602,article_458_content.txt,2,0,0,0,1,1,0
606,article_406_content.txt,2,0,0,0,1,1,0
612,article_20_tables.txt,2,1,0,0,0,1,0
621,article_126_tables.txt,2,1,1,0,0,0,0
631,article_96_content.txt,2,1,0,0,0,1,0
632,article_9_tables.txt,2,1,0,0,0,1,0
640,article_444_content.txt,2,0,0,0,1,1,0
644,article_158_tables.txt,2,1,1,0,0,0,0
646,article_564_tables.txt,2,1,0,0,0,1,0
649,article_231_tables.txt,2,0,0,0,1,1,0
652,article_434_content.txt,2,0,0,0,1,1,0
658,article_506_tables.txt,2,1,0,0,0,1,0
661,article_199_content.txt,2,1,1,0,0,0,0
666,article_451_content.txt,2,0,0,0,1,1,0
679,article_421_content.txt,2,0,0,0,1,1,0
693,article_482_content.txt,2,0,0,0,1,1,0
694,article_9_content.txt,2,1,0,0,0,1,0
697,article_83_content.txt,2,0,0,0,1,1,0
703,article_413_content.txt,2,0,0,0,1,1,0
705,article_53_tables.txt,2,1,0,0,0,1,0
719,article_12_content.txt,2,0,0,0,1,1,0
721,article_155_tables.txt,2,1,1,0,0,0,0
736,article_86_content.txt,2,1,0,0,0,1,0
754,article_424_content.txt,2,0,0,0,1,1,0
763,article_536_content.txt,2,1,0,0,0,1,0
765,article_104_content.txt,2,1,1,0,0,0,0
766,article_454_content.txt,2,0,0,0,1,1,0
774,article_198_tables.txt,2,1,1,0,0,0,0
776,article_448_content.txt,2,0,0,0,1,1,0
783,article_438_content.txt,2,0,0,0,1,1,0
788,article_539_tables.txt,2,1,0,0,0,1,0
791,article_61_tables.txt,2,1,0,0,0,1,0
793,article_132_tables.txt,2,1,1,0,0,0,0
797,article_105_tables.txt,2,1,1,0,0,0,0
801,article_416_content.txt,2,0,0,0,1,1,0
808,article_167_tables.txt,2,1,1,0,0,0,0
813,article_25_tables.txt,2,1,0,0,0,1,0
814,article_208_content.txt,2,1,0,0,0,1,0
816,article_511_content.txt,2,0,0,0,1,1,0
821,article_228_tables.txt,2,1,0,0,0,1,0
825,article_114_tables.txt,2,1,1,0,0,0,0
826,article_123_tables.txt,2,1,1,0,0,0,0
828,article_561_content.txt,2,1,0,0,0,1,0
829,article_72_content.txt,2,1,0,0,0,1,0
830,article_153_content.txt,2,1,1,0,0,0,0
831,article_403_content.txt,2,0,0,0,1,1,0
839,article_582_tables.txt,2,1,0,0,0,1,0
840,article_180_content.txt,2,0,0,0,0,2,0
844,article_556_tables.txt,2,1,0,0,0,1,0
848,article_561_tables.txt,2,1,0,0,0,1,0
853,article_161_content.txt,2,1,1,0,0,0,0
859,article_534_tables.txt,2,1,0,0,0,1,0
864,article_30_content.txt,2,0,0,0,1,1,0
875,article_580_content.txt,2,0,0,0,1,1,0
876,article_93_content.txt,2,1,0,0,0,1,0
883,article_267_content.txt,2,0,0,0,1,1,0
884,article_90_content.txt,2,1,0,0,0,1,0
885,article_583_content.txt,2,0,0,0,1,1,0
896,article_43_content.txt,2,1,0,0,0,1,0
904,article_249_content.txt,2,1,0,0,0,1,0
906,article_345_tables.txt,2,0,0,0,0,2,0
911,article_442_content.txt,2,0,0,0,1,1,0
932,article_120_content.txt,2,1,1,0,0,0,0
933,article_470_content.txt,2,0,0,0,1,1,0
940,article_15_tables.txt,2,1,0,0,0,1,0
942,article_286_content.txt,2,0,0,0,1,1,0
957,article_465_content.txt,2,0,0,0,1,1,0
959,article_135_content.txt,2,1,1,0,0,0,0
960,article_51_tables.txt,2,0,0,0,1,1,0
961,article_14_content.txt,2,1,0,0,0,1,0
965,article_509_tables.txt,2,1,0,0,0,1,0
969,article_415_content.txt,2,0,0,0,1,1,0
993,article_427_content.txt,2,0,0,0,1,1,0
994,article_56_content.txt,2,0,0,0,1,1,0
1000,article_129_tables.txt,2,1,1,0,0,0,0
1004,article_107_content.txt,2,1,1,0,0,0,0
1008,article_540_tables.txt,2,1,0,0,0,1,0
1016,article_85_content.txt,2,1,0,0,0,1,0
1017,article_183_tables.txt,2,1,1,0,0,0,0
1020,article_78_content.txt,2,1,0,0,0,1,0
1024,article_85_tables.txt,2,1,0,0,0,1,0
1025,article_484_content.txt,2,0,0,0,1,1,0
1027,article_129_content.txt,2,1,1,0,0,0,0
1032,article_245_content.txt,2,0,0,0,0,2,0
1044,article_107_tables.txt,2,1,1,0,0,0,0
1049,article_61_content.txt,2,0,0,0,1,1,0
1055,article_165_tables.txt,2,1,1,0,0,0,0
1057,article_152_tables.txt,2,2,0,0,0,0,0
1060,article_11_content.txt,2,0,0,0,1,1,0
1065,article_186_tables.txt,2,1,1,0,0,0,0
1066,article_481_content.txt,2,0,0,0,1,1,0
1083,article_452_content.txt,2,0,0,0,1,1,0
1086,article_540_content.txt,2,1,0,0,0,1,0
1096,article_422_content.txt,2,0,0,0,1,1,0
1100,article_563_tables.txt,2,1,0,0,0,1,0
1105,article_315_tables.txt,2,0,0,0,0,2,0
1109,article_36_content.txt,2,1,0,0,0,1,0
1111,article_447_content.txt,2,0,0,0,1,1,0
1116,article_536_tables.txt,2,1,0,0,0,1,0
1123,article_437_content.txt,2,0,0,0,1,1,0
1128,article_469_content.txt,2,0,0,0,1,1,0
1137,article_419_content.txt,2,0,0,0,1,1,0
1141,article_262_content.txt,2,0,0,0,0,1,1
1142,article_95_content.txt,2,1,0,0,0,1,0
1155,article_3_content.txt,2,1,0,0,0,1,0
1159,article_121_tables.txt,2,1,1,0,0,0,0
1160,article_116_tables.txt,2,1,1,0,0,0,0
1163,article_45_tables.txt,2,1,0,0,0,1,0
1166,article_475_content.txt,2,0,0,0,1,1,0
1169,article_250_content.txt,2,1,0,0,0,1,0
1171,article_186_content.txt,2,1,1,0,0,0,0
1173,article_580_tables.txt,2,1,0,0,0,1,0
1177,article_539_content.txt,2,0,0,0,1,1,0
14,article_246_tables.txt,1,0,0,0,0,1,0
26,article_213_tables.txt,1,0,0,0,0,1,0
29,article_215_content.txt,1,0,0,0,0,1,0
33,article_265_content.txt,1,0,0,0,0,1,0
40,article_284_content.txt,1,0,0,0,0,1,0
48,article_279_content.txt,1,0,0,0,0,1,0
51,article_238_tables.txt,1,0,0,0,0,1,0
57,article_209_content.txt,1,0,0,0,0,1,0
59,article_35_tables.txt,1,0,0,0,0,1,0
62,article_257_content.txt,1,0,0,0,0,1,0
64,article_486_tables.txt,1,0,0,0,0,1,0
67,article_227_content.txt,1,0,0,0,0,1,0
71,article_242_content.txt,1,0,0,0,0,1,0
78,article_232_content.txt,1,0,0,0,0,1,0
81,article_449_content.txt,1,0,0,0,0,1,0
96,article_575_content.txt,1,0,0,0,0,1,0
97,article_229_tables.txt,1,0,0,0,0,1,0
99,article_46_tables.txt,1,0,0,0,0,1,0
109,article_200_content.txt,1,1,0,0,0,0,0
110,article_486_content.txt,1,0,0,0,0,1,0
115,article_270_content.txt,1,0,0,0,0,1,0
119,article_235_tables.txt,1,0,0,0,0,1,0
122,article_202_tables.txt,1,0,0,0,0,1,0
130,article_474_tables.txt,1,0,0,0,0,1,0
132,article_257_tables.txt,1,0,0,0,0,1,0
133,article_260_tables.txt,1,0,0,0,0,1,0
148,article_219_content.txt,1,0,0,0,0,1,0
158,article_279_tables.txt,1,0,0,0,0,1,0
159,article_269_content.txt,1,0,0,0,0,1,0
165,article_63_content.txt,1,0,0,0,0,1,0
172,article_237_content.txt,1,0,0,0,0,1,0
186,article_207_tables.txt,1,0,0,0,0,1,0
187,article_230_tables.txt,1,0,0,0,0,1,0
198,article_265_tables.txt,1,0,0,0,0,1,0
202,article_21_content.txt,1,0,0,0,0,1,0
204,article_252_tables.txt,1,0,0,0,0,1,0
205,article_100_content.txt,1,0,0,0,0,1,0
206,article_288_content.txt,1,0,0,0,0,1,0
208,article_275_content.txt,1,0,0,0,0,1,0
211,article_8_tables.txt,1,0,0,0,0,1,0
220,article_260_content.txt,1,0,0,0,0,1,0
224,article_86_tables.txt,1,0,0,0,0,1,0
225,article_210_content.txt,1,0,0,0,0,1,0
229,article_557_content.txt,1,0,0,0,0,1,0
230,article_243_tables.txt,1,0,0,0,0,1,0
243,article_221_tables.txt,1,0,0,0,0,1,0
254,article_460_tables.txt,1,0,0,0,0,1,0
257,article_28_content.txt,1,0,0,0,0,1,0
260,article_222_content.txt,1,0,0,0,0,1,0
267,article_252_content.txt,1,0,0,0,0,1,0
273,article_1_content.txt,1,0,0,0,0,1,0
274,article_65_tables.txt,1,0,0,0,0,1,0
278,article_268_tables.txt,1,0,0,0,0,1,0
287,article_281_content.txt,1,0,0,0,0,1,0
293,article_258_tables.txt,1,0,0,0,0,1,0
307,article_282_content.txt,1,0,0,0,0,1,0
316,article_221_content.txt,1,0,0,0,0,1,0
322,article_251_content.txt,1,0,0,0,0,1,0
325,article_290_tables.txt,1,0,0,0,0,1,0
329,article_47_content.txt,1,0,0,0,0,1,0
334,article_244_tables.txt,1,0,0,0,0,1,0
338,article_273_tables.txt,1,0,0,0,0,1,0
349,article_211_tables.txt,1,0,0,0,0,1,0
352,article_94_content.txt,1,0,0,0,0,1,0
353,article_263_content.txt,1,0,0,0,0,1,0
362,article_213_content.txt,1,0,0,0,0,1,0
372,article_276_content.txt,1,0,0,0,0,1,0
386,article_237_tables.txt,1,0,0,0,0,1,0
390,article_258_content.txt,1,0,0,0,0,1,0
393,article_441_tables.txt,1,0,0,0,0,1,0
397,article_262_tables.txt,1,0,0,0,0,1,0
399,article_255_tables.txt,1,0,0,0,0,1,0
408,article_281_tables.txt,1,0,0,0,0,1,0
409,article_234_content.txt,1,0,0,0,0,1,0
414,article_244_content.txt,1,0,0,0,0,1,0
443,article_473_tables.txt,1,0,0,0,0,1,0
448,article_232_tables.txt,1,0,0,0,0,1,0
463,article_176_content.txt,1,0,0,0,0,1,0
465,article_267_tables.txt,1,0,0,0,0,1,0
472,article_203_content.txt,1,0,0,0,0,1,0
478,article_84_content.txt,1,0,0,0,0,1,0
479,article_273_content.txt,1,0,0,0,0,1,0
480,article_219_tables.txt,1,0,0,0,0,1,0
483,article_23_tables.txt,1,0,0,0,0,1,0
484,article_65_content.txt,1,0,0,0,0,1,0
495,article_506_content.txt,1,0,0,0,0,1,0
499,article_464_content.txt,1,0,0,0,0,1,0
501,article_76_tables.txt,1,0,0,0,0,1,0
504,article_89_tables.txt,1,0,0,0,0,1,0
509,article_284_tables.txt,1,0,0,0,0,1,0
517,article_7_tables.txt,1,0,0,0,0,1,0
519,article_182_content.txt,1,0,0,0,0,1,0
520,article_254_content.txt,1,0,0,0,0,1,0
535,article_318_content.txt,1,0,0,0,0,1,0
537,article_287_content.txt,1,0,0,0,0,1,0
538,article_449_tables.txt,1,0,0,0,0,1,0
552,article_216_content.txt,1,0,0,0,0,1,0
555,article_84_tables.txt,1,0,0,0,0,1,0
558,article_91_content.txt,1,0,0,0,0,1,0
559,article_266_content.txt,1,0,0,0,0,1,0
560,article_289_tables.txt,1,0,0,0,0,1,0
562,article_238_content.txt,1,0,0,0,0,1,0
563,article_276_tables.txt,1,0,0,0,0,1,0
565,article_241_tables.txt,1,0,0,0,0,1,0
567,article_113_content.txt,1,0,0,0,0,1,0
575,article_248_content.txt,1,0,0,0,0,1,0
576,article_214_tables.txt,1,0,0,0,0,1,0
587,article_19_tables.txt,1,0,0,0,0,1,0
591,article_253_content.txt,1,0,0,0,0,1,0
593,article_287_tables.txt,1,0,0,0,0,1,0
598,article_223_content.txt,1,0,0,0,0,1,0
604,article_77_content.txt,1,0,0,0,0,1,0
607,article_280_content.txt,1,0,0,0,0,1,0
611,article_17_tables.txt,1,0,0,0,0,1,0
617,article_278_tables.txt,1,0,0,0,0,1,0
618,article_439_tables.txt,1,0,0,0,0,1,0
627,article_211_content.txt,1,0,0,0,0,1,0
633,article_261_content.txt,1,0,0,0,0,1,0
638,article_35_content.txt,1,0,0,0,0,1,0
655,article_425_tables.txt,1,0,0,0,0,1,0
656,article_69_tables.txt,1,0,0,0,0,1,0
659,article_264_tables.txt,1,0,0,0,0,1,0
660,article_253_tables.txt,1,0,0,0,0,1,0
665,article_242_tables.txt,1,0,0,0,0,1,0
671,article_275_tables.txt,1,0,0,0,0,1,0
673,article_78_tables.txt,1,0,0,0,0,1,0
682,article_220_tables.txt,1,0,0,0,0,1,0
684,article_217_tables.txt,1,0,0,0,0,1,0
689,article_461_tables.txt,1,0,0,0,0,1,0
695,article_204_content.txt,1,0,0,0,0,1,0
701,article_289_content.txt,1,0,0,0,0,1,0
706,article_100_tables.txt,1,0,0,0,0,1,0
710,article_64_tables.txt,1,0,0,0,0,1,0
712,article_268_content.txt,1,0,0,0,0,1,0
716,article_463_content.txt,1,0,0,0,0,1,0
722,article_218_content.txt,1,0,0,0,0,0,1
726,article_190_content.txt,1,0,0,0,0,1,0
727,article_246_content.txt,1,0,0,0,0,1,0
731,article_236_content.txt,1,0,0,0,0,1,0
741,article_82_tables.txt,1,0,0,0,0,1,0
752,article_174_content.txt,1,0,0,0,0,1,0
756,article_270_tables.txt,1,0,0,0,0,1,0
757,article_247_tables.txt,1,1,0,0,0,0,0
767,article_212_tables.txt,1,0,0,0,0,1,0
772,article_487_tables.txt,1,0,0,0,0,1,0
778,article_1_tables.txt,1,0,0,0,0,1,0
784,article_49_content.txt,1,0,0,0,0,1,0
787,article_243_content.txt,1,0,0,0,0,1,0
798,article_56_tables.txt,1,0,0,0,0,1,0
799,article_239_tables.txt,1,0,0,0,0,1,0
800,article_574_content.txt,1,0,0,0,0,1,0
805,article_67_content.txt,1,0,0,0,0,1,0
807,article_34_tables.txt,1,0,0,0,0,1,0
809,article_290_content.txt,1,0,0,0,0,1,0
823,article_278_content.txt,1,0,0,0,0,1,0
824,article_47_tables.txt,1,0,0,0,0,1,0
835,article_282_tables.txt,1,0,0,0,0,1,0
837,article_226_content.txt,1,0,0,0,0,1,0
843,article_256_content.txt,1,0,0,0,0,1,0
845,article_234_tables.txt,1,0,0,0,0,1,0
846,article_203_tables.txt,1,0,0,0,0,1,0
855,article_39_tables.txt,1,0,0,0,0,1,0
858,article_256_tables.txt,1,0,0,0,0,1,0
861,article_261_tables.txt,1,0,0,0,0,1,0
874,article_93_tables.txt,1,0,0,0,0,1,0
881,article_214_content.txt,1,0,0,0,0,1,0
886,article_94_tables.txt,1,0,0,0,0,1,0
917,article_266_tables.txt,1,0,0,0,0,1,0
919,article_239_content.txt,1,0,0,0,0,1,0
920,article_225_content.txt,1,0,0,0,0,1,0
921,article_88_tables.txt,1,0,0,0,0,1,0
925,article_255_content.txt,1,0,0,0,0,1,0
930,article_218_tables.txt,1,0,0,0,0,1,0
950,article_562_content.txt,1,0,0,0,0,1,0
955,article_66_tables.txt,1,0,0,0,0,1,0
973,article_64_content.txt,1,0,0,0,0,1,0
977,article_230_content.txt,1,0,0,0,0,1,0
982,article_294_tables.txt,1,0,0,0,0,1,0
983,article_240_content.txt,1,0,0,0,0,1,0
988,article_99_tables.txt,1,0,0,0,0,1,0
989,article_277_tables.txt,1,0,0,0,0,1,0
995,article_240_tables.txt,1,0,0,0,0,1,0
1003,article_215_tables.txt,1,0,0,0,0,1,0
1013,article_18_tables.txt,1,0,0,0,0,1,0
1015,article_272_content.txt,1,0,0,0,0,1,0
1031,article_485_tables.txt,1,0,0,0,0,1,0
1037,article_235_content.txt,1,0,0,0,0,1,0
1042,article_54_tables.txt,1,0,0,0,0,1,0
1050,article_63_tables.txt,1,0,0,0,0,1,0
1052,article_559_tables.txt,1,0,0,0,0,1,0
1056,article_36_tables.txt,1,0,0,0,0,1,0
1058,article_460_content.txt,1,0,0,0,0,1,0
1062,article_207_content.txt,1,0,0,0,0,1,0
1063,article_398_content.txt,1,0,0,0,0,1,0
1068,article_277_content.txt,1,0,0,0,0,1,0
1070,article_80_content.txt,1,0,0,0,0,1,0
1075,article_229_content.txt,1,0,0,0,0,1,0
1077,article_48_tables.txt,1,0,0,0,0,1,0
1080,article_245_tables.txt,1,0,0,0,0,1,0
1082,article_272_tables.txt,1,0,0,0,0,1,0
1093,article_227_tables.txt,1,0,0,0,0,1,0
1098,article_53_content.txt,1,0,0,0,0,1,0
1099,article_210_tables.txt,1,0,0,0,0,1,0
1101,article_201_tables.txt,1,0,0,0,0,1,0
1103,article_236_tables.txt,1,0,0,0,0,1,0
1106,article_168_tables.txt,1,1,0,0,0,0,0
1113,article_263_tables.txt,1,0,0,0,0,1,0
1117,article_254_tables.txt,1,0,0,0,0,1,0
1126,article_18_content.txt,1,0,0,0,0,1,0
1129,article_91_tables.txt,1,0,0,0,0,1,0
1132,article_212_content.txt,1,0,0,0,0,1,0
1150,article_283_content.txt,1,0,0,0,0,1,0
1167,article_280_tables.txt,1,0,0,0,0,1,0
1176,article_220_content.txt,1,0,0,0,0,1,0
